participant_id,explanation_type,construct,mean_rating,n_ratings,explanation_type_name
P001,A,perceived_effectiveness,5.875,8,Rule-based decision path
P001,A,satisfaction,5.125,8,Rule-based decision path
P001,A,trust,5.125,8,Rule-based decision path
P001,A,usability_understandability,5.125,8,Rule-based decision path
P001,B,perceived_effectiveness,5.0,7,Local feature-attribution / key-factor explanation
P001,B,satisfaction,4.428571428571429,7,Local feature-attribution / key-factor explanation
P001,B,trust,4.857142857142857,7,Local feature-attribution / key-factor explanation
P001,B,usability_understandability,4.571428571428571,7,Local feature-attribution / key-factor explanation
P001,C,perceived_effectiveness,6.0,7,Counterfactual explanation
P001,C,satisfaction,5.285714285714286,7,Counterfactual explanation
P001,C,trust,5.571428571428571,7,Counterfactual explanation
P001,C,usability_understandability,4.857142857142857,7,Counterfactual explanation
P001,D,perceived_effectiveness,6.375,8,LLM natural-language explanation
P001,D,satisfaction,5.875,8,LLM natural-language explanation
P001,D,trust,5.625,8,LLM natural-language explanation
P001,D,usability_understandability,6.125,8,LLM natural-language explanation
P001,E,perceived_effectiveness,6.5,10,Doctor-written-style explanation
P001,E,satisfaction,5.9,10,Doctor-written-style explanation
P001,E,trust,5.7,10,Doctor-written-style explanation
P001,E,usability_understandability,6.2,10,Doctor-written-style explanation
P002,A,perceived_effectiveness,3.5555555555555554,9,Rule-based decision path
P002,A,satisfaction,3.6666666666666665,9,Rule-based decision path
P002,A,trust,3.6666666666666665,9,Rule-based decision path
P002,A,usability_understandability,4.0,9,Rule-based decision path
P002,B,perceived_effectiveness,5.125,8,Local feature-attribution / key-factor explanation
P002,B,satisfaction,5.0,8,Local feature-attribution / key-factor explanation
P002,B,trust,5.0,8,Local feature-attribution / key-factor explanation
P002,B,usability_understandability,5.875,8,Local feature-attribution / key-factor explanation
P002,C,perceived_effectiveness,2.6666666666666665,6,Counterfactual explanation
P002,C,satisfaction,3.3333333333333335,6,Counterfactual explanation
P002,C,trust,3.0,6,Counterfactual explanation
P002,C,usability_understandability,3.0,6,Counterfactual explanation
P002,D,perceived_effectiveness,4.142857142857143,7,LLM natural-language explanation
P002,D,satisfaction,5.285714285714286,7,LLM natural-language explanation
P002,D,trust,5.285714285714286,7,LLM natural-language explanation
P002,D,usability_understandability,5.0,6,LLM natural-language explanation
P002,E,perceived_effectiveness,5.333333333333333,6,Doctor-written-style explanation
P002,E,satisfaction,5.666666666666667,6,Doctor-written-style explanation
P002,E,trust,5.666666666666667,6,Doctor-written-style explanation
P002,E,usability_understandability,5.333333333333333,6,Doctor-written-style explanation
P004,A,perceived_effectiveness,6.625,8,Rule-based decision path
P004,A,satisfaction,6.625,8,Rule-based decision path
P004,A,trust,6.625,8,Rule-based decision path
P004,A,usability_understandability,6.5,8,Rule-based decision path
P004,B,perceived_effectiveness,6.375,8,Local feature-attribution / key-factor explanation
P004,B,satisfaction,5.875,8,Local feature-attribution / key-factor explanation
P004,B,trust,6.0,8,Local feature-attribution / key-factor explanation
P004,B,usability_understandability,6.375,8,Local feature-attribution / key-factor explanation
P004,C,perceived_effectiveness,5.0,8,Counterfactual explanation
P004,C,satisfaction,5.0,8,Counterfactual explanation
P004,C,trust,4.875,8,Counterfactual explanation
P004,C,usability_understandability,4.875,8,Counterfactual explanation
P004,D,perceived_effectiveness,4.375,8,LLM natural-language explanation
P004,D,satisfaction,3.75,8,LLM natural-language explanation
P004,D,trust,3.5,8,LLM natural-language explanation
P004,D,usability_understandability,4.375,8,LLM natural-language explanation
P004,E,perceived_effectiveness,5.875,8,Doctor-written-style explanation
P004,E,satisfaction,5.875,8,Doctor-written-style explanation
P004,E,trust,6.375,8,Doctor-written-style explanation
P004,E,usability_understandability,6.375,8,Doctor-written-style explanation
P005,A,perceived_effectiveness,6.714285714285714,7,Rule-based decision path
P005,A,satisfaction,7.0,7,Rule-based decision path
P005,A,trust,7.0,7,Rule-based decision path
P005,A,usability_understandability,6.428571428571429,7,Rule-based decision path
P005,B,perceived_effectiveness,5.875,8,Local feature-attribution / key-factor explanation
P005,B,satisfaction,5.5,8,Local feature-attribution / key-factor explanation
P005,B,trust,5.5,8,Local feature-attribution / key-factor explanation
P005,B,usability_understandability,5.625,8,Local feature-attribution / key-factor explanation
P005,C,perceived_effectiveness,5.0,8,Counterfactual explanation
P005,C,satisfaction,4.25,8,Counterfactual explanation
P005,C,trust,4.714285714285714,7,Counterfactual explanation
P005,C,usability_understandability,4.125,8,Counterfactual explanation
P005,D,perceived_effectiveness,4.5,8,LLM natural-language explanation
P005,D,satisfaction,4.125,8,LLM natural-language explanation
P005,D,trust,4.25,8,LLM natural-language explanation
P005,D,usability_understandability,3.875,8,LLM natural-language explanation
P005,E,perceived_effectiveness,6.0,7,Doctor-written-style explanation
P005,E,satisfaction,5.857142857142857,7,Doctor-written-style explanation
P005,E,trust,6.428571428571429,7,Doctor-written-style explanation
P005,E,usability_understandability,6.0,7,Doctor-written-style explanation
P006,A,perceived_effectiveness,6.75,8,Rule-based decision path
P006,A,satisfaction,6.875,8,Rule-based decision path
P006,A,trust,6.75,8,Rule-based decision path
P006,A,usability_understandability,6.5,8,Rule-based decision path
P006,B,perceived_effectiveness,5.428571428571429,7,Local feature-attribution / key-factor explanation
P006,B,satisfaction,5.285714285714286,7,Local feature-attribution / key-factor explanation
P006,B,trust,5.285714285714286,7,Local feature-attribution / key-factor explanation
P006,B,usability_understandability,5.142857142857143,7,Local feature-attribution / key-factor explanation
P006,C,perceived_effectiveness,4.75,8,Counterfactual explanation
P006,C,satisfaction,4.75,8,Counterfactual explanation
P006,C,trust,4.75,8,Counterfactual explanation
P006,C,usability_understandability,4.625,8,Counterfactual explanation
P006,D,perceived_effectiveness,3.2857142857142856,7,LLM natural-language explanation
P006,D,satisfaction,3.4285714285714284,7,LLM natural-language explanation
P006,D,trust,3.2857142857142856,7,LLM natural-language explanation
P006,D,usability_understandability,3.7142857142857144,7,LLM natural-language explanation
P006,E,perceived_effectiveness,6.25,8,Doctor-written-style explanation
P006,E,satisfaction,6.375,8,Doctor-written-style explanation
P006,E,trust,6.75,8,Doctor-written-style explanation
P006,E,usability_understandability,6.25,8,Doctor-written-style explanation
P007,A,perceived_effectiveness,5.0,7,Rule-based decision path
P007,A,satisfaction,5.142857142857143,7,Rule-based decision path
P007,A,trust,5.0,7,Rule-based decision path
P007,A,usability_understandability,5.428571428571429,7,Rule-based decision path
P007,B,perceived_effectiveness,4.285714285714286,7,Local feature-attribution / key-factor explanation
P007,B,satisfaction,4.285714285714286,7,Local feature-attribution / key-factor explanation
P007,B,trust,4.142857142857143,7,Local feature-attribution / key-factor explanation
P007,B,usability_understandability,4.571428571428571,7,Local feature-attribution / key-factor explanation
P007,C,perceived_effectiveness,5.125,8,Counterfactual explanation
P007,C,satisfaction,4.5,8,Counterfactual explanation
P007,C,trust,4.75,8,Counterfactual explanation
P007,C,usability_understandability,4.75,8,Counterfactual explanation
P007,D,perceived_effectiveness,4.857142857142857,7,LLM natural-language explanation
P007,D,satisfaction,4.857142857142857,7,LLM natural-language explanation
P007,D,trust,4.857142857142857,7,LLM natural-language explanation
P007,D,usability_understandability,4.857142857142857,7,LLM natural-language explanation
P007,E,perceived_effectiveness,4.25,8,Doctor-written-style explanation
P007,E,satisfaction,5.375,8,Doctor-written-style explanation
P007,E,trust,4.75,8,Doctor-written-style explanation
P007,E,usability_understandability,4.875,8,Doctor-written-style explanation
P008,A,perceived_effectiveness,6.5,8,Rule-based decision path
P008,A,satisfaction,7.0,8,Rule-based decision path
P008,A,trust,7.0,8,Rule-based decision path
P008,A,usability_understandability,7.0,8,Rule-based decision path
P008,B,perceived_effectiveness,5.625,8,Local feature-attribution / key-factor explanation
P008,B,satisfaction,4.875,8,Local feature-attribution / key-factor explanation
P008,B,trust,4.875,8,Local feature-attribution / key-factor explanation
P008,B,usability_understandability,5.25,8,Local feature-attribution / key-factor explanation
P008,C,perceived_effectiveness,4.625,8,Counterfactual explanation
P008,C,satisfaction,4.375,8,Counterfactual explanation
P008,C,trust,3.875,8,Counterfactual explanation
P008,C,usability_understandability,4.5,8,Counterfactual explanation
P008,D,perceived_effectiveness,3.25,8,LLM natural-language explanation
P008,D,satisfaction,3.125,8,LLM natural-language explanation
P008,D,trust,2.375,8,LLM natural-language explanation
P008,D,usability_understandability,3.25,8,LLM natural-language explanation
P008,E,perceived_effectiveness,5.75,8,Doctor-written-style explanation
P008,E,satisfaction,6.75,8,Doctor-written-style explanation
P008,E,trust,6.875,8,Doctor-written-style explanation
P008,E,usability_understandability,6.125,8,Doctor-written-style explanation
P009,A,perceived_effectiveness,6.875,8,Rule-based decision path
P009,A,satisfaction,7.0,8,Rule-based decision path
P009,A,trust,7.0,8,Rule-based decision path
P009,A,usability_understandability,7.0,8,Rule-based decision path
P009,B,perceived_effectiveness,5.25,8,Local feature-attribution / key-factor explanation
P009,B,satisfaction,4.5,8,Local feature-attribution / key-factor explanation
P009,B,trust,4.625,8,Local feature-attribution / key-factor explanation
P009,B,usability_understandability,4.75,8,Local feature-attribution / key-factor explanation
P009,C,perceived_effectiveness,3.625,8,Counterfactual explanation
P009,C,satisfaction,3.375,8,Counterfactual explanation
P009,C,trust,3.0,8,Counterfactual explanation
P009,C,usability_understandability,4.125,8,Counterfactual explanation
P009,D,perceived_effectiveness,3.2857142857142856,7,LLM natural-language explanation
P009,D,satisfaction,3.142857142857143,7,LLM natural-language explanation
P009,D,trust,2.857142857142857,7,LLM natural-language explanation
P009,D,usability_understandability,2.857142857142857,7,LLM natural-language explanation
P009,E,perceived_effectiveness,6.0,8,Doctor-written-style explanation
P009,E,satisfaction,6.875,8,Doctor-written-style explanation
P009,E,trust,7.0,8,Doctor-written-style explanation
P009,E,usability_understandability,6.0,8,Doctor-written-style explanation
P010,A,perceived_effectiveness,7.0,8,Rule-based decision path
P010,A,satisfaction,6.875,8,Rule-based decision path
P010,A,trust,7.0,8,Rule-based decision path
P010,A,usability_understandability,7.0,8,Rule-based decision path
P010,B,perceived_effectiveness,5.0,8,Local feature-attribution / key-factor explanation
P010,B,satisfaction,4.625,8,Local feature-attribution / key-factor explanation
P010,B,trust,5.0,8,Local feature-attribution / key-factor explanation
P010,B,usability_understandability,4.875,8,Local feature-attribution / key-factor explanation
P010,C,perceived_effectiveness,3.625,8,Counterfactual explanation
P010,C,satisfaction,3.375,8,Counterfactual explanation
P010,C,trust,3.5,8,Counterfactual explanation
P010,C,usability_understandability,3.625,8,Counterfactual explanation
P010,D,perceived_effectiveness,2.75,8,LLM natural-language explanation
P010,D,satisfaction,2.875,8,LLM natural-language explanation
P010,D,trust,2.875,8,LLM natural-language explanation
P010,D,usability_understandability,2.375,8,LLM natural-language explanation
P010,E,perceived_effectiveness,6.125,8,Doctor-written-style explanation
P010,E,satisfaction,6.875,8,Doctor-written-style explanation
P010,E,trust,6.875,8,Doctor-written-style explanation
P010,E,usability_understandability,6.125,8,Doctor-written-style explanation
P011,A,perceived_effectiveness,6.375,8,Rule-based decision path
P011,A,satisfaction,7.0,8,Rule-based decision path
P011,A,trust,7.0,8,Rule-based decision path
P011,A,usability_understandability,7.0,8,Rule-based decision path
P011,B,perceived_effectiveness,5.0,8,Local feature-attribution / key-factor explanation
P011,B,satisfaction,4.5,8,Local feature-attribution / key-factor explanation
P011,B,trust,4.75,8,Local feature-attribution / key-factor explanation
P011,B,usability_understandability,4.625,8,Local feature-attribution / key-factor explanation
P011,C,perceived_effectiveness,4.625,8,Counterfactual explanation
P011,C,satisfaction,4.5,8,Counterfactual explanation
P011,C,trust,4.125,8,Counterfactual explanation
P011,C,usability_understandability,4.5,8,Counterfactual explanation
P011,D,perceived_effectiveness,3.0,8,LLM natural-language explanation
P011,D,satisfaction,3.625,8,LLM natural-language explanation
P011,D,trust,2.625,8,LLM natural-language explanation
P011,D,usability_understandability,2.875,8,LLM natural-language explanation
P011,E,perceived_effectiveness,6.0,8,Doctor-written-style explanation
P011,E,satisfaction,6.75,8,Doctor-written-style explanation
P011,E,trust,7.0,8,Doctor-written-style explanation
P011,E,usability_understandability,6.0,8,Doctor-written-style explanation
P012,A,perceived_effectiveness,6.25,8,Rule-based decision path
P012,A,satisfaction,7.0,8,Rule-based decision path
P012,A,trust,7.0,8,Rule-based decision path
P012,A,usability_understandability,7.0,8,Rule-based decision path
P012,B,perceived_effectiveness,4.5,8,Local feature-attribution / key-factor explanation
P012,B,satisfaction,4.375,8,Local feature-attribution / key-factor explanation
P012,B,trust,3.875,8,Local feature-attribution / key-factor explanation
P012,B,usability_understandability,4.875,8,Local feature-attribution / key-factor explanation
P012,C,perceived_effectiveness,3.625,8,Counterfactual explanation
P012,C,satisfaction,4.0,8,Counterfactual explanation
P012,C,trust,4.125,8,Counterfactual explanation
P012,C,usability_understandability,3.375,8,Counterfactual explanation
P012,D,perceived_effectiveness,3.375,8,LLM natural-language explanation
P012,D,satisfaction,3.375,8,LLM natural-language explanation
P012,D,trust,3.125,8,LLM natural-language explanation
P012,D,usability_understandability,3.625,8,LLM natural-language explanation
P012,E,perceived_effectiveness,6.125,8,Doctor-written-style explanation
P012,E,satisfaction,6.875,8,Doctor-written-style explanation
P012,E,trust,6.875,8,Doctor-written-style explanation
P012,E,usability_understandability,6.125,8,Doctor-written-style explanation
P013,A,perceived_effectiveness,6.375,8,Rule-based decision path
P013,A,satisfaction,6.875,8,Rule-based decision path
P013,A,trust,7.0,8,Rule-based decision path
P013,A,usability_understandability,6.75,8,Rule-based decision path
P013,B,perceived_effectiveness,5.5,8,Local feature-attribution / key-factor explanation
P013,B,satisfaction,4.25,8,Local feature-attribution / key-factor explanation
P013,B,trust,4.625,8,Local feature-attribution / key-factor explanation
P013,B,usability_understandability,4.875,8,Local feature-attribution / key-factor explanation
P013,C,perceived_effectiveness,4.555555555555555,9,Counterfactual explanation
P013,C,satisfaction,4.222222222222222,9,Counterfactual explanation
P013,C,trust,4.222222222222222,9,Counterfactual explanation
P013,C,usability_understandability,4.222222222222222,9,Counterfactual explanation
P013,D,perceived_effectiveness,4.0,6,LLM natural-language explanation
P013,D,satisfaction,3.6666666666666665,6,LLM natural-language explanation
P013,D,trust,4.0,6,LLM natural-language explanation
P013,D,usability_understandability,3.6666666666666665,6,LLM natural-language explanation
P013,E,perceived_effectiveness,6.375,8,Doctor-written-style explanation
P013,E,satisfaction,6.75,8,Doctor-written-style explanation
P013,E,trust,6.625,8,Doctor-written-style explanation
P013,E,usability_understandability,6.0,8,Doctor-written-style explanation
P014,A,perceived_effectiveness,7.0,9,Rule-based decision path
P014,A,satisfaction,7.0,9,Rule-based decision path
P014,A,trust,7.0,9,Rule-based decision path
P014,A,usability_understandability,6.444444444444445,9,Rule-based decision path
P014,B,perceived_effectiveness,5.714285714285714,7,Local feature-attribution / key-factor explanation
P014,B,satisfaction,4.857142857142857,7,Local feature-attribution / key-factor explanation
P014,B,trust,4.714285714285714,7,Local feature-attribution / key-factor explanation
P014,B,usability_understandability,5.285714285714286,7,Local feature-attribution / key-factor explanation
P014,C,perceived_effectiveness,4.875,8,Counterfactual explanation
P014,C,satisfaction,4.5,8,Counterfactual explanation
P014,C,trust,4.875,8,Counterfactual explanation
P014,C,usability_understandability,4.375,8,Counterfactual explanation
P014,D,perceived_effectiveness,3.3333333333333335,9,LLM natural-language explanation
P014,D,satisfaction,3.888888888888889,9,LLM natural-language explanation
P014,D,trust,3.111111111111111,9,LLM natural-language explanation
P014,D,usability_understandability,3.6666666666666665,9,LLM natural-language explanation
P014,E,perceived_effectiveness,6.285714285714286,7,Doctor-written-style explanation
P014,E,satisfaction,6.857142857142857,7,Doctor-written-style explanation
P014,E,trust,6.714285714285714,7,Doctor-written-style explanation
P014,E,usability_understandability,6.0,7,Doctor-written-style explanation
P015,A,perceived_effectiveness,6.75,8,Rule-based decision path
P015,A,satisfaction,6.875,8,Rule-based decision path
P015,A,trust,6.875,8,Rule-based decision path
P015,A,usability_understandability,6.5,8,Rule-based decision path
P015,B,perceived_effectiveness,4.25,8,Local feature-attribution / key-factor explanation
P015,B,satisfaction,4.125,8,Local feature-attribution / key-factor explanation
P015,B,trust,3.875,8,Local feature-attribution / key-factor explanation
P015,B,usability_understandability,4.625,8,Local feature-attribution / key-factor explanation
P015,C,perceived_effectiveness,4.5,8,Counterfactual explanation
P015,C,satisfaction,4.5,8,Counterfactual explanation
P015,C,trust,4.375,8,Counterfactual explanation
P015,C,usability_understandability,4.25,8,Counterfactual explanation
P015,D,perceived_effectiveness,3.625,8,LLM natural-language explanation
P015,D,satisfaction,3.125,8,LLM natural-language explanation
P015,D,trust,2.625,8,LLM natural-language explanation
P015,D,usability_understandability,2.625,8,LLM natural-language explanation
P015,E,perceived_effectiveness,6.625,8,Doctor-written-style explanation
P015,E,satisfaction,6.625,8,Doctor-written-style explanation
P015,E,trust,6.5,8,Doctor-written-style explanation
P015,E,usability_understandability,6.25,8,Doctor-written-style explanation
P016,A,perceived_effectiveness,6.857142857142857,7,Rule-based decision path
P016,A,satisfaction,7.0,7,Rule-based decision path
P016,A,trust,7.0,7,Rule-based decision path
P016,A,usability_understandability,6.428571428571429,7,Rule-based decision path
P016,B,perceived_effectiveness,4.25,8,Local feature-attribution / key-factor explanation
P016,B,satisfaction,4.375,8,Local feature-attribution / key-factor explanation
P016,B,trust,4.625,8,Local feature-attribution / key-factor explanation
P016,B,usability_understandability,4.875,8,Local feature-attribution / key-factor explanation
P016,C,perceived_effectiveness,4.0,8,Counterfactual explanation
P016,C,satisfaction,4.625,8,Counterfactual explanation
P016,C,trust,4.125,8,Counterfactual explanation
P016,C,usability_understandability,4.625,8,Counterfactual explanation
P016,D,perceived_effectiveness,3.0,8,LLM natural-language explanation
P016,D,satisfaction,3.125,8,LLM natural-language explanation
P016,D,trust,2.375,8,LLM natural-language explanation
P016,D,usability_understandability,2.625,8,LLM natural-language explanation
P016,E,perceived_effectiveness,6.625,8,Doctor-written-style explanation
P016,E,satisfaction,6.5,8,Doctor-written-style explanation
P016,E,trust,6.25,8,Doctor-written-style explanation
P016,E,usability_understandability,6.25,8,Doctor-written-style explanation
P017,A,perceived_effectiveness,6.875,8,Rule-based decision path
P017,A,satisfaction,7.0,8,Rule-based decision path
P017,A,trust,7.0,8,Rule-based decision path
P017,A,usability_understandability,6.125,8,Rule-based decision path
P017,B,perceived_effectiveness,5.5,8,Local feature-attribution / key-factor explanation
P017,B,satisfaction,4.625,8,Local feature-attribution / key-factor explanation
P017,B,trust,4.0,8,Local feature-attribution / key-factor explanation
P017,B,usability_understandability,5.0,8,Local feature-attribution / key-factor explanation
P017,C,perceived_effectiveness,4.875,8,Counterfactual explanation
P017,C,satisfaction,4.25,8,Counterfactual explanation
P017,C,trust,4.25,8,Counterfactual explanation
P017,C,usability_understandability,3.875,8,Counterfactual explanation
P017,D,perceived_effectiveness,2.625,8,LLM natural-language explanation
P017,D,satisfaction,2.875,8,LLM natural-language explanation
P017,D,trust,2.5,8,LLM natural-language explanation
P017,D,usability_understandability,2.25,8,LLM natural-language explanation
P017,E,perceived_effectiveness,6.375,8,Doctor-written-style explanation
P017,E,satisfaction,6.25,8,Doctor-written-style explanation
P017,E,trust,6.5,8,Doctor-written-style explanation
P017,E,usability_understandability,6.25,8,Doctor-written-style explanation
P018,A,perceived_effectiveness,6.625,8,Rule-based decision path
P018,A,satisfaction,7.0,8,Rule-based decision path
P018,A,trust,7.0,8,Rule-based decision path
P018,A,usability_understandability,6.625,8,Rule-based decision path
P018,B,perceived_effectiveness,4.375,8,Local feature-attribution / key-factor explanation
P018,B,satisfaction,4.375,8,Local feature-attribution / key-factor explanation
P018,B,trust,3.875,8,Local feature-attribution / key-factor explanation
P018,B,usability_understandability,4.5,8,Local feature-attribution / key-factor explanation
P018,C,perceived_effectiveness,4.875,8,Counterfactual explanation
P018,C,satisfaction,3.75,8,Counterfactual explanation
P018,C,trust,4.25,8,Counterfactual explanation
P018,C,usability_understandability,4.375,8,Counterfactual explanation
P018,D,perceived_effectiveness,3.75,8,LLM natural-language explanation
P018,D,satisfaction,3.125,8,LLM natural-language explanation
P018,D,trust,3.0,8,LLM natural-language explanation
P018,D,usability_understandability,2.875,8,LLM natural-language explanation
P018,E,perceived_effectiveness,6.25,8,Doctor-written-style explanation
P018,E,satisfaction,6.125,8,Doctor-written-style explanation
P018,E,trust,7.0,8,Doctor-written-style explanation
P018,E,usability_understandability,6.25,8,Doctor-written-style explanation
P019,A,perceived_effectiveness,6.428571428571429,7,Rule-based decision path
P019,A,satisfaction,7.0,7,Rule-based decision path
P019,A,trust,7.0,7,Rule-based decision path
P019,A,usability_understandability,6.714285714285714,7,Rule-based decision path
P019,B,perceived_effectiveness,5.375,8,Local feature-attribution / key-factor explanation
P019,B,satisfaction,4.75,8,Local feature-attribution / key-factor explanation
P019,B,trust,4.625,8,Local feature-attribution / key-factor explanation
P019,B,usability_understandability,5.0,8,Local feature-attribution / key-factor explanation
P019,C,perceived_effectiveness,4.75,8,Counterfactual explanation
P019,C,satisfaction,4.25,8,Counterfactual explanation
P019,C,trust,4.125,8,Counterfactual explanation
P019,C,usability_understandability,4.125,8,Counterfactual explanation
P019,D,perceived_effectiveness,2.375,8,LLM natural-language explanation
P019,D,satisfaction,3.0,8,LLM natural-language explanation
P019,D,trust,2.0,8,LLM natural-language explanation
P019,D,usability_understandability,2.625,8,LLM natural-language explanation
P019,E,perceived_effectiveness,6.25,8,Doctor-written-style explanation
P019,E,satisfaction,6.125,8,Doctor-written-style explanation
P019,E,trust,6.5,8,Doctor-written-style explanation
P019,E,usability_understandability,6.25,8,Doctor-written-style explanation
P020,A,perceived_effectiveness,6.875,8,Rule-based decision path
P020,A,satisfaction,6.875,8,Rule-based decision path
P020,A,trust,6.625,8,Rule-based decision path
P020,A,usability_understandability,6.625,8,Rule-based decision path
P020,B,perceived_effectiveness,4.625,8,Local feature-attribution / key-factor explanation
P020,B,satisfaction,4.142857142857143,7,Local feature-attribution / key-factor explanation
P020,B,trust,4.571428571428571,7,Local feature-attribution / key-factor explanation
P020,B,usability_understandability,5.428571428571429,7,Local feature-attribution / key-factor explanation
P020,C,perceived_effectiveness,4.125,8,Counterfactual explanation
P020,C,satisfaction,4.25,8,Counterfactual explanation
P020,C,trust,3.75,8,Counterfactual explanation
P020,C,usability_understandability,4.125,8,Counterfactual explanation
P020,D,perceived_effectiveness,3.2857142857142856,7,LLM natural-language explanation
P020,D,satisfaction,2.5714285714285716,7,LLM natural-language explanation
P020,D,trust,2.4285714285714284,7,LLM natural-language explanation
P020,D,usability_understandability,2.2857142857142856,7,LLM natural-language explanation
P020,E,perceived_effectiveness,6.625,8,Doctor-written-style explanation
P020,E,satisfaction,6.5,8,Doctor-written-style explanation
P020,E,trust,6.625,8,Doctor-written-style explanation
P020,E,usability_understandability,6.25,8,Doctor-written-style explanation
P021,A,perceived_effectiveness,7.0,8,Rule-based decision path
P021,A,satisfaction,6.75,8,Rule-based decision path
P021,A,trust,6.875,8,Rule-based decision path
P021,A,usability_understandability,6.25,8,Rule-based decision path
P021,B,perceived_effectiveness,5.25,8,Local feature-attribution / key-factor explanation
P021,B,satisfaction,4.0,8,Local feature-attribution / key-factor explanation
P021,B,trust,4.125,8,Local feature-attribution / key-factor explanation
P021,B,usability_understandability,4.125,8,Local feature-attribution / key-factor explanation
P021,C,perceived_effectiveness,4.5,8,Counterfactual explanation
P021,C,satisfaction,4.125,8,Counterfactual explanation
P021,C,trust,4.0,8,Counterfactual explanation
P021,C,usability_understandability,3.75,8,Counterfactual explanation
P021,D,perceived_effectiveness,4.857142857142857,7,LLM natural-language explanation
P021,D,satisfaction,4.285714285714286,7,LLM natural-language explanation
P021,D,trust,3.857142857142857,7,LLM natural-language explanation
P021,D,usability_understandability,3.7142857142857144,7,LLM natural-language explanation
P021,E,perceived_effectiveness,6.5,8,Doctor-written-style explanation
P021,E,satisfaction,6.5,8,Doctor-written-style explanation
P021,E,trust,6.625,8,Doctor-written-style explanation
P021,E,usability_understandability,6.125,8,Doctor-written-style explanation
P022,A,perceived_effectiveness,6.75,8,Rule-based decision path
P022,A,satisfaction,6.125,8,Rule-based decision path
P022,A,trust,6.125,8,Rule-based decision path
P022,A,usability_understandability,6.75,8,Rule-based decision path
P022,B,perceived_effectiveness,5.875,8,Local feature-attribution / key-factor explanation
P022,B,satisfaction,4.375,8,Local feature-attribution / key-factor explanation
P022,B,trust,5.0,8,Local feature-attribution / key-factor explanation
P022,B,usability_understandability,5.125,8,Local feature-attribution / key-factor explanation
P022,C,perceived_effectiveness,6.714285714285714,7,Counterfactual explanation
P022,C,satisfaction,6.285714285714286,7,Counterfactual explanation
P022,C,trust,6.428571428571429,7,Counterfactual explanation
P022,C,usability_understandability,6.571428571428571,7,Counterfactual explanation
P022,D,perceived_effectiveness,6.75,8,LLM natural-language explanation
P022,D,satisfaction,6.25,8,LLM natural-language explanation
P022,D,trust,6.25,8,LLM natural-language explanation
P022,D,usability_understandability,6.875,8,LLM natural-language explanation
P022,E,perceived_effectiveness,6.75,8,Doctor-written-style explanation
P022,E,satisfaction,6.75,8,Doctor-written-style explanation
P022,E,trust,6.5,8,Doctor-written-style explanation
P022,E,usability_understandability,6.75,8,Doctor-written-style explanation
P023,A,perceived_effectiveness,6.75,8,Rule-based decision path
P023,A,satisfaction,7.0,8,Rule-based decision path
P023,A,trust,7.0,8,Rule-based decision path
P023,A,usability_understandability,6.5,8,Rule-based decision path
P023,B,perceived_effectiveness,4.875,8,Local feature-attribution / key-factor explanation
P023,B,satisfaction,3.625,8,Local feature-attribution / key-factor explanation
P023,B,trust,4.375,8,Local feature-attribution / key-factor explanation
P023,B,usability_understandability,4.75,8,Local feature-attribution / key-factor explanation
P023,C,perceived_effectiveness,5.375,8,Counterfactual explanation
P023,C,satisfaction,3.625,8,Counterfactual explanation
P023,C,trust,3.625,8,Counterfactual explanation
P023,C,usability_understandability,5.125,8,Counterfactual explanation
P023,D,perceived_effectiveness,4.125,8,LLM natural-language explanation
P023,D,satisfaction,2.875,8,LLM natural-language explanation
P023,D,trust,3.0,8,LLM natural-language explanation
P023,D,usability_understandability,3.125,8,LLM natural-language explanation
P023,E,perceived_effectiveness,6.625,8,Doctor-written-style explanation
P023,E,satisfaction,6.125,8,Doctor-written-style explanation
P023,E,trust,6.25,8,Doctor-written-style explanation
P023,E,usability_understandability,6.125,8,Doctor-written-style explanation
P024,A,perceived_effectiveness,6.625,8,Rule-based decision path
P024,A,satisfaction,6.875,8,Rule-based decision path
P024,A,trust,6.875,8,Rule-based decision path
P024,A,usability_understandability,6.625,8,Rule-based decision path
P024,B,perceived_effectiveness,5.0,8,Local feature-attribution / key-factor explanation
P024,B,satisfaction,4.25,8,Local feature-attribution / key-factor explanation
P024,B,trust,4.375,8,Local feature-attribution / key-factor explanation
P024,B,usability_understandability,4.25,8,Local feature-attribution / key-factor explanation
P024,C,perceived_effectiveness,4.625,8,Counterfactual explanation
P024,C,satisfaction,4.375,8,Counterfactual explanation
P024,C,trust,4.5,8,Counterfactual explanation
P024,C,usability_understandability,4.375,8,Counterfactual explanation
P024,D,perceived_effectiveness,4.5,8,LLM natural-language explanation
P024,D,satisfaction,3.125,8,LLM natural-language explanation
P024,D,trust,2.375,8,LLM natural-language explanation
P024,D,usability_understandability,2.75,8,LLM natural-language explanation
P024,E,perceived_effectiveness,6.75,8,Doctor-written-style explanation
P024,E,satisfaction,6.25,8,Doctor-written-style explanation
P024,E,trust,6.25,8,Doctor-written-style explanation
P024,E,usability_understandability,6.125,8,Doctor-written-style explanation
P025,A,perceived_effectiveness,6.625,8,Rule-based decision path
P025,A,satisfaction,6.625,8,Rule-based decision path
P025,A,trust,6.75,8,Rule-based decision path
P025,A,usability_understandability,6.75,8,Rule-based decision path
P025,B,perceived_effectiveness,4.5,8,Local feature-attribution / key-factor explanation
P025,B,satisfaction,3.75,8,Local feature-attribution / key-factor explanation
P025,B,trust,4.125,8,Local feature-attribution / key-factor explanation
P025,B,usability_understandability,4.125,8,Local feature-attribution / key-factor explanation
P025,C,perceived_effectiveness,4.625,8,Counterfactual explanation
P025,C,satisfaction,3.875,8,Counterfactual explanation
P025,C,trust,3.875,8,Counterfactual explanation
P025,C,usability_understandability,4.0,8,Counterfactual explanation
P025,D,perceived_effectiveness,3.375,8,LLM natural-language explanation
P025,D,satisfaction,3.0,8,LLM natural-language explanation
P025,D,trust,3.0,8,LLM natural-language explanation
P025,D,usability_understandability,3.0,8,LLM natural-language explanation
P025,E,perceived_effectiveness,6.625,8,Doctor-written-style explanation
P025,E,satisfaction,6.25,8,Doctor-written-style explanation
P025,E,trust,6.375,8,Doctor-written-style explanation
P025,E,usability_understandability,6.375,8,Doctor-written-style explanation
P026,A,perceived_effectiveness,7.0,8,Rule-based decision path
P026,A,satisfaction,7.0,8,Rule-based decision path
P026,A,trust,7.0,8,Rule-based decision path
P026,A,usability_understandability,6.125,8,Rule-based decision path
P026,B,perceived_effectiveness,5.375,8,Local feature-attribution / key-factor explanation
P026,B,satisfaction,4.375,8,Local feature-attribution / key-factor explanation
P026,B,trust,4.25,8,Local feature-attribution / key-factor explanation
P026,B,usability_understandability,4.25,8,Local feature-attribution / key-factor explanation
P026,C,perceived_effectiveness,4.5,8,Counterfactual explanation
P026,C,satisfaction,3.625,8,Counterfactual explanation
P026,C,trust,3.5,8,Counterfactual explanation
P026,C,usability_understandability,4.625,8,Counterfactual explanation
P026,D,perceived_effectiveness,3.875,8,LLM natural-language explanation
P026,D,satisfaction,2.75,8,LLM natural-language explanation
P026,D,trust,2.875,8,LLM natural-language explanation
P026,D,usability_understandability,2.75,8,LLM natural-language explanation
P026,E,perceived_effectiveness,6.375,8,Doctor-written-style explanation
P026,E,satisfaction,6.25,8,Doctor-written-style explanation
P026,E,trust,6.375,8,Doctor-written-style explanation
P026,E,usability_understandability,6.125,8,Doctor-written-style explanation
P027,A,perceived_effectiveness,6.75,8,Rule-based decision path
P027,A,satisfaction,6.875,8,Rule-based decision path
P027,A,trust,6.875,8,Rule-based decision path
P027,A,usability_understandability,6.375,8,Rule-based decision path
P027,B,perceived_effectiveness,4.75,8,Local feature-attribution / key-factor explanation
P027,B,satisfaction,4.25,8,Local feature-attribution / key-factor explanation
P027,B,trust,4.0,8,Local feature-attribution / key-factor explanation
P027,B,usability_understandability,4.375,8,Local feature-attribution / key-factor explanation
P027,C,perceived_effectiveness,4.125,8,Counterfactual explanation
P027,C,satisfaction,4.25,8,Counterfactual explanation
P027,C,trust,4.0,8,Counterfactual explanation
P027,C,usability_understandability,4.625,8,Counterfactual explanation
P027,D,perceived_effectiveness,3.125,8,LLM natural-language explanation
P027,D,satisfaction,3.75,8,LLM natural-language explanation
P027,D,trust,3.75,8,LLM natural-language explanation
P027,D,usability_understandability,3.5,8,LLM natural-language explanation
P027,E,perceived_effectiveness,6.5,8,Doctor-written-style explanation
P027,E,satisfaction,6.125,8,Doctor-written-style explanation
P027,E,trust,6.0,8,Doctor-written-style explanation
P027,E,usability_understandability,6.625,8,Doctor-written-style explanation
P028,A,perceived_effectiveness,6.2,10,Rule-based decision path
P028,A,satisfaction,6.8,10,Rule-based decision path
P028,A,trust,6.6,10,Rule-based decision path
P028,A,usability_understandability,6.5,10,Rule-based decision path
P028,B,perceived_effectiveness,4.0,7,Local feature-attribution / key-factor explanation
P028,B,satisfaction,4.285714285714286,7,Local feature-attribution / key-factor explanation
P028,B,trust,4.142857142857143,7,Local feature-attribution / key-factor explanation
P028,B,usability_understandability,4.142857142857143,7,Local feature-attribution / key-factor explanation
P028,C,perceived_effectiveness,3.6666666666666665,6,Counterfactual explanation
P028,C,satisfaction,3.5,6,Counterfactual explanation
P028,C,trust,3.5,6,Counterfactual explanation
P028,C,usability_understandability,3.6,5,Counterfactual explanation
P028,D,perceived_effectiveness,1.4444444444444444,9,LLM natural-language explanation
P028,D,satisfaction,1.1111111111111112,9,LLM natural-language explanation
P028,D,trust,1.4444444444444444,9,LLM natural-language explanation
P028,D,usability_understandability,1.3333333333333333,9,LLM natural-language explanation
P028,E,perceived_effectiveness,6.25,8,Doctor-written-style explanation
P028,E,satisfaction,5.625,8,Doctor-written-style explanation
P028,E,trust,6.0,8,Doctor-written-style explanation
P028,E,usability_understandability,6.375,8,Doctor-written-style explanation
P029,A,perceived_effectiveness,7.0,9,Rule-based decision path
P029,A,satisfaction,6.777777777777778,9,Rule-based decision path
P029,A,trust,6.888888888888889,9,Rule-based decision path
P029,A,usability_understandability,7.0,9,Rule-based decision path
P029,B,perceived_effectiveness,5.666666666666667,6,Local feature-attribution / key-factor explanation
P029,B,satisfaction,5.333333333333333,6,Local feature-attribution / key-factor explanation
P029,B,trust,5.5,6,Local feature-attribution / key-factor explanation
P029,B,usability_understandability,5.0,6,Local feature-attribution / key-factor explanation
P029,C,perceived_effectiveness,3.7777777777777777,9,Counterfactual explanation
P029,C,satisfaction,3.4444444444444446,9,Counterfactual explanation
P029,C,trust,3.4444444444444446,9,Counterfactual explanation
P029,C,usability_understandability,2.888888888888889,9,Counterfactual explanation
P029,D,perceived_effectiveness,1.625,8,LLM natural-language explanation
P029,D,satisfaction,1.125,8,LLM natural-language explanation
P029,D,trust,1.25,8,LLM natural-language explanation
P029,D,usability_understandability,1.125,8,LLM natural-language explanation
P029,E,perceived_effectiveness,5.875,8,Doctor-written-style explanation
P029,E,satisfaction,5.875,8,Doctor-written-style explanation
P029,E,trust,6.0,8,Doctor-written-style explanation
P029,E,usability_understandability,5.75,8,Doctor-written-style explanation
P030,A,perceived_effectiveness,6.625,8,Rule-based decision path
P030,A,satisfaction,6.625,8,Rule-based decision path
P030,A,trust,6.625,8,Rule-based decision path
P030,A,usability_understandability,6.875,8,Rule-based decision path
P030,B,perceived_effectiveness,4.125,8,Local feature-attribution / key-factor explanation
P030,B,satisfaction,4.375,8,Local feature-attribution / key-factor explanation
P030,B,trust,4.625,8,Local feature-attribution / key-factor explanation
P030,B,usability_understandability,4.5,8,Local feature-attribution / key-factor explanation
P030,C,perceived_effectiveness,3.5,8,Counterfactual explanation
P030,C,satisfaction,3.125,8,Counterfactual explanation
P030,C,trust,3.5,8,Counterfactual explanation
P030,C,usability_understandability,3.25,8,Counterfactual explanation
P030,D,perceived_effectiveness,1.5,8,LLM natural-language explanation
P030,D,satisfaction,1.5,8,LLM natural-language explanation
P030,D,trust,1.75,8,LLM natural-language explanation
P030,D,usability_understandability,1.375,8,LLM natural-language explanation
P030,E,perceived_effectiveness,5.875,8,Doctor-written-style explanation
P030,E,satisfaction,6.125,8,Doctor-written-style explanation
P030,E,trust,6.25,8,Doctor-written-style explanation
P030,E,usability_understandability,6.25,8,Doctor-written-style explanation
P031,A,perceived_effectiveness,6.375,8,Rule-based decision path
P031,A,satisfaction,6.75,8,Rule-based decision path
P031,A,trust,6.75,8,Rule-based decision path
P031,A,usability_understandability,6.625,8,Rule-based decision path
P031,B,perceived_effectiveness,5.0,8,Local feature-attribution / key-factor explanation
P031,B,satisfaction,4.0,8,Local feature-attribution / key-factor explanation
P031,B,trust,3.75,8,Local feature-attribution / key-factor explanation
P031,B,usability_understandability,4.25,8,Local feature-attribution / key-factor explanation
P031,C,perceived_effectiveness,5.0,7,Counterfactual explanation
P031,C,satisfaction,4.285714285714286,7,Counterfactual explanation
P031,C,trust,4.285714285714286,7,Counterfactual explanation
P031,C,usability_understandability,4.285714285714286,7,Counterfactual explanation
P031,D,perceived_effectiveness,4.125,8,LLM natural-language explanation
P031,D,satisfaction,3.0,8,LLM natural-language explanation
P031,D,trust,3.125,8,LLM natural-language explanation
P031,D,usability_understandability,3.625,8,LLM natural-language explanation
P031,E,perceived_effectiveness,6.714285714285714,7,Doctor-written-style explanation
P031,E,satisfaction,6.142857142857143,7,Doctor-written-style explanation
P031,E,trust,7.0,7,Doctor-written-style explanation
P031,E,usability_understandability,6.0,7,Doctor-written-style explanation
P032,A,perceived_effectiveness,6.875,8,Rule-based decision path
P032,A,satisfaction,6.5,8,Rule-based decision path
P032,A,trust,6.75,8,Rule-based decision path
P032,A,usability_understandability,6.625,8,Rule-based decision path
P032,B,perceived_effectiveness,5.375,8,Local feature-attribution / key-factor explanation
P032,B,satisfaction,4.0,8,Local feature-attribution / key-factor explanation
P032,B,trust,4.25,8,Local feature-attribution / key-factor explanation
P032,B,usability_understandability,4.75,8,Local feature-attribution / key-factor explanation
P032,C,perceived_effectiveness,5.25,8,Counterfactual explanation
P032,C,satisfaction,4.5,8,Counterfactual explanation
P032,C,trust,4.125,8,Counterfactual explanation
P032,C,usability_understandability,4.625,8,Counterfactual explanation
P032,D,perceived_effectiveness,3.875,8,LLM natural-language explanation
P032,D,satisfaction,2.625,8,LLM natural-language explanation
P032,D,trust,2.75,8,LLM natural-language explanation
P032,D,usability_understandability,3.0,8,LLM natural-language explanation
P032,E,perceived_effectiveness,6.714285714285714,7,Doctor-written-style explanation
P032,E,satisfaction,6.428571428571429,7,Doctor-written-style explanation
P032,E,trust,6.857142857142857,7,Doctor-written-style explanation
P032,E,usability_understandability,6.571428571428571,7,Doctor-written-style explanation
P033,A,perceived_effectiveness,6.875,8,Rule-based decision path
P033,A,satisfaction,7.0,8,Rule-based decision path
P033,A,trust,7.0,8,Rule-based decision path
P033,A,usability_understandability,6.25,8,Rule-based decision path
P033,B,perceived_effectiveness,4.875,8,Local feature-attribution / key-factor explanation
P033,B,satisfaction,4.0,8,Local feature-attribution / key-factor explanation
P033,B,trust,4.25,8,Local feature-attribution / key-factor explanation
P033,B,usability_understandability,4.875,8,Local feature-attribution / key-factor explanation
P033,C,perceived_effectiveness,4.75,8,Counterfactual explanation
P033,C,satisfaction,4.75,8,Counterfactual explanation
P033,C,trust,4.125,8,Counterfactual explanation
P033,C,usability_understandability,4.375,8,Counterfactual explanation
P033,D,perceived_effectiveness,4.25,8,LLM natural-language explanation
P033,D,satisfaction,3.125,8,LLM natural-language explanation
P033,D,trust,3.0,8,LLM natural-language explanation
P033,D,usability_understandability,3.625,8,LLM natural-language explanation
P033,E,perceived_effectiveness,6.428571428571429,7,Doctor-written-style explanation
P033,E,satisfaction,6.571428571428571,7,Doctor-written-style explanation
P033,E,trust,6.571428571428571,7,Doctor-written-style explanation
P033,E,usability_understandability,6.285714285714286,7,Doctor-written-style explanation
P034,A,perceived_effectiveness,6.857142857142857,7,Rule-based decision path
P034,A,satisfaction,6.714285714285714,7,Rule-based decision path
P034,A,trust,6.857142857142857,7,Rule-based decision path
P034,A,usability_understandability,6.857142857142857,7,Rule-based decision path
P034,B,perceived_effectiveness,5.1,10,Local feature-attribution / key-factor explanation
P034,B,satisfaction,5.7,10,Local feature-attribution / key-factor explanation
P034,B,trust,5.4,10,Local feature-attribution / key-factor explanation
P034,B,usability_understandability,5.9,10,Local feature-attribution / key-factor explanation
P034,C,perceived_effectiveness,3.8,10,Counterfactual explanation
P034,C,satisfaction,4.1,10,Counterfactual explanation
P034,C,trust,4.3,10,Counterfactual explanation
P034,C,usability_understandability,5.0,10,Counterfactual explanation
P034,D,perceived_effectiveness,1.2857142857142858,7,LLM natural-language explanation
P034,D,satisfaction,1.1428571428571428,7,LLM natural-language explanation
P034,D,trust,1.2857142857142858,7,LLM natural-language explanation
P034,D,usability_understandability,2.0,7,LLM natural-language explanation
P034,E,perceived_effectiveness,5.666666666666667,6,Doctor-written-style explanation
P034,E,satisfaction,6.333333333333333,6,Doctor-written-style explanation
P034,E,trust,6.5,6,Doctor-written-style explanation
P034,E,usability_understandability,6.833333333333333,6,Doctor-written-style explanation
P035,A,perceived_effectiveness,6.571428571428571,7,Rule-based decision path
P035,A,satisfaction,6.857142857142857,7,Rule-based decision path
P035,A,trust,6.714285714285714,7,Rule-based decision path
P035,A,usability_understandability,6.285714285714286,7,Rule-based decision path
P035,B,perceived_effectiveness,4.111111111111111,9,Local feature-attribution / key-factor explanation
P035,B,satisfaction,4.333333333333333,9,Local feature-attribution / key-factor explanation
P035,B,trust,4.0,9,Local feature-attribution / key-factor explanation
P035,B,usability_understandability,4.555555555555555,9,Local feature-attribution / key-factor explanation
P035,C,perceived_effectiveness,3.1,10,Counterfactual explanation
P035,C,satisfaction,2.9,10,Counterfactual explanation
P035,C,trust,2.9,10,Counterfactual explanation
P035,C,usability_understandability,3.3,10,Counterfactual explanation
P035,D,perceived_effectiveness,1.2857142857142858,7,LLM natural-language explanation
P035,D,satisfaction,1.4285714285714286,7,LLM natural-language explanation
P035,D,trust,1.2857142857142858,7,LLM natural-language explanation
P035,D,usability_understandability,1.1428571428571428,7,LLM natural-language explanation
P035,E,perceived_effectiveness,5.571428571428571,7,Doctor-written-style explanation
P035,E,satisfaction,5.714285714285714,7,Doctor-written-style explanation
P035,E,trust,6.0,7,Doctor-written-style explanation
P035,E,usability_understandability,5.857142857142857,7,Doctor-written-style explanation
P036,A,perceived_effectiveness,7.0,9,Rule-based decision path
P036,A,satisfaction,6.555555555555555,9,Rule-based decision path
P036,A,trust,6.555555555555555,9,Rule-based decision path
P036,A,usability_understandability,6.888888888888889,9,Rule-based decision path
P036,B,perceived_effectiveness,4.0,8,Local feature-attribution / key-factor explanation
P036,B,satisfaction,3.875,8,Local feature-attribution / key-factor explanation
P036,B,trust,4.125,8,Local feature-attribution / key-factor explanation
P036,B,usability_understandability,3.875,8,Local feature-attribution / key-factor explanation
P036,C,perceived_effectiveness,3.5,8,Counterfactual explanation
P036,C,satisfaction,3.25,8,Counterfactual explanation
P036,C,trust,3.125,8,Counterfactual explanation
P036,C,usability_understandability,3.375,8,Counterfactual explanation
P036,D,perceived_effectiveness,1.25,8,LLM natural-language explanation
P036,D,satisfaction,1.625,8,LLM natural-language explanation
P036,D,trust,1.25,8,LLM natural-language explanation
P036,D,usability_understandability,1.125,8,LLM natural-language explanation
P036,E,perceived_effectiveness,5.428571428571429,7,Doctor-written-style explanation
P036,E,satisfaction,5.714285714285714,7,Doctor-written-style explanation
P036,E,trust,5.714285714285714,7,Doctor-written-style explanation
P036,E,usability_understandability,5.428571428571429,7,Doctor-written-style explanation
P037,A,perceived_effectiveness,6.555555555555555,9,Rule-based decision path
P037,A,satisfaction,6.777777777777778,9,Rule-based decision path
P037,A,trust,6.888888888888889,9,Rule-based decision path
P037,A,usability_understandability,6.888888888888889,9,Rule-based decision path
P037,B,perceived_effectiveness,3.5,10,Local feature-attribution / key-factor explanation
P037,B,satisfaction,3.4,10,Local feature-attribution / key-factor explanation
P037,B,trust,3.6,10,Local feature-attribution / key-factor explanation
P037,B,usability_understandability,3.9,10,Local feature-attribution / key-factor explanation
P037,C,perceived_effectiveness,4.166666666666667,6,Counterfactual explanation
P037,C,satisfaction,4.0,6,Counterfactual explanation
P037,C,trust,4.5,6,Counterfactual explanation
P037,C,usability_understandability,4.833333333333333,6,Counterfactual explanation
P037,D,perceived_effectiveness,1.0,7,LLM natural-language explanation
P037,D,satisfaction,1.1428571428571428,7,LLM natural-language explanation
P037,D,trust,1.0,7,LLM natural-language explanation
P037,D,usability_understandability,1.5714285714285714,7,LLM natural-language explanation
P037,E,perceived_effectiveness,5.142857142857143,7,Doctor-written-style explanation
P037,E,satisfaction,5.285714285714286,7,Doctor-written-style explanation
P037,E,trust,5.428571428571429,7,Doctor-written-style explanation
P037,E,usability_understandability,5.714285714285714,7,Doctor-written-style explanation
P038,A,perceived_effectiveness,6.75,8,Rule-based decision path
P038,A,satisfaction,6.875,8,Rule-based decision path
P038,A,trust,6.625,8,Rule-based decision path
P038,A,usability_understandability,6.75,8,Rule-based decision path
P038,B,perceived_effectiveness,3.888888888888889,9,Local feature-attribution / key-factor explanation
P038,B,satisfaction,3.5555555555555554,9,Local feature-attribution / key-factor explanation
P038,B,trust,3.6666666666666665,9,Local feature-attribution / key-factor explanation
P038,B,usability_understandability,3.3333333333333335,9,Local feature-attribution / key-factor explanation
P038,C,perceived_effectiveness,3.5555555555555554,9,Counterfactual explanation
P038,C,satisfaction,3.3333333333333335,9,Counterfactual explanation
P038,C,trust,3.2222222222222223,9,Counterfactual explanation
P038,C,usability_understandability,3.6666666666666665,9,Counterfactual explanation
P038,D,perceived_effectiveness,1.2857142857142858,7,LLM natural-language explanation
P038,D,satisfaction,1.5714285714285714,7,LLM natural-language explanation
P038,D,trust,1.5714285714285714,7,LLM natural-language explanation
P038,D,usability_understandability,1.2857142857142858,7,LLM natural-language explanation
P038,E,perceived_effectiveness,5.857142857142857,7,Doctor-written-style explanation
P038,E,satisfaction,5.571428571428571,7,Doctor-written-style explanation
P038,E,trust,5.428571428571429,7,Doctor-written-style explanation
P038,E,usability_understandability,6.285714285714286,7,Doctor-written-style explanation
P039,A,perceived_effectiveness,6.714285714285714,7,Rule-based decision path
P039,A,satisfaction,6.428571428571429,7,Rule-based decision path
P039,A,trust,6.285714285714286,7,Rule-based decision path
P039,A,usability_understandability,6.857142857142857,7,Rule-based decision path
P039,B,perceived_effectiveness,4.333333333333333,9,Local feature-attribution / key-factor explanation
P039,B,satisfaction,3.6666666666666665,9,Local feature-attribution / key-factor explanation
P039,B,trust,3.3333333333333335,9,Local feature-attribution / key-factor explanation
P039,B,usability_understandability,3.888888888888889,9,Local feature-attribution / key-factor explanation
P039,C,perceived_effectiveness,3.8,10,Counterfactual explanation
P039,C,satisfaction,3.6,10,Counterfactual explanation
P039,C,trust,3.6,10,Counterfactual explanation
P039,C,usability_understandability,3.7,10,Counterfactual explanation
P039,D,perceived_effectiveness,1.2857142857142858,7,LLM natural-language explanation
P039,D,satisfaction,1.1428571428571428,7,LLM natural-language explanation
P039,D,trust,1.1428571428571428,7,LLM natural-language explanation
P039,D,usability_understandability,1.5714285714285714,7,LLM natural-language explanation
P039,E,perceived_effectiveness,6.142857142857143,7,Doctor-written-style explanation
P039,E,satisfaction,6.142857142857143,7,Doctor-written-style explanation
P039,E,trust,5.857142857142857,7,Doctor-written-style explanation
P039,E,usability_understandability,5.714285714285714,7,Doctor-written-style explanation
P041,A,perceived_effectiveness,7.0,8,Rule-based decision path
P041,A,satisfaction,6.875,8,Rule-based decision path
P041,A,trust,6.625,8,Rule-based decision path
P041,A,usability_understandability,6.375,8,Rule-based decision path
P041,B,perceived_effectiveness,5.5,8,Local feature-attribution / key-factor explanation
P041,B,satisfaction,4.125,8,Local feature-attribution / key-factor explanation
P041,B,trust,4.125,8,Local feature-attribution / key-factor explanation
P041,B,usability_understandability,4.25,8,Local feature-attribution / key-factor explanation
P041,C,perceived_effectiveness,5.25,8,Counterfactual explanation
P041,C,satisfaction,4.125,8,Counterfactual explanation
P041,C,trust,3.625,8,Counterfactual explanation
P041,C,usability_understandability,4.125,8,Counterfactual explanation
P041,D,perceived_effectiveness,4.25,8,LLM natural-language explanation
P041,D,satisfaction,2.625,8,LLM natural-language explanation
P041,D,trust,2.625,8,LLM natural-language explanation
P041,D,usability_understandability,2.875,8,LLM natural-language explanation
P041,E,perceived_effectiveness,6.5,8,Doctor-written-style explanation
P041,E,satisfaction,6.375,8,Doctor-written-style explanation
P041,E,trust,6.625,8,Doctor-written-style explanation
P041,E,usability_understandability,6.375,8,Doctor-written-style explanation
P042,A,perceived_effectiveness,7.0,8,Rule-based decision path
P042,A,satisfaction,6.75,8,Rule-based decision path
P042,A,trust,6.75,8,Rule-based decision path
P042,A,usability_understandability,6.375,8,Rule-based decision path
P042,B,perceived_effectiveness,5.125,8,Local feature-attribution / key-factor explanation
P042,B,satisfaction,3.875,8,Local feature-attribution / key-factor explanation
P042,B,trust,4.375,8,Local feature-attribution / key-factor explanation
P042,B,usability_understandability,4.125,8,Local feature-attribution / key-factor explanation
P042,C,perceived_effectiveness,5.0,7,Counterfactual explanation
P042,C,satisfaction,4.142857142857143,7,Counterfactual explanation
P042,C,trust,3.7142857142857144,7,Counterfactual explanation
P042,C,usability_understandability,4.0,7,Counterfactual explanation
P042,D,perceived_effectiveness,3.875,8,LLM natural-language explanation
P042,D,satisfaction,3.0,8,LLM natural-language explanation
P042,D,trust,3.0,8,LLM natural-language explanation
P042,D,usability_understandability,3.125,8,LLM natural-language explanation
P042,E,perceived_effectiveness,6.625,8,Doctor-written-style explanation
P042,E,satisfaction,6.125,8,Doctor-written-style explanation
P042,E,trust,6.625,8,Doctor-written-style explanation
P042,E,usability_understandability,6.125,8,Doctor-written-style explanation
P043,A,perceived_effectiveness,6.714285714285714,7,Rule-based decision path
P043,A,satisfaction,6.428571428571429,7,Rule-based decision path
P043,A,trust,6.428571428571429,7,Rule-based decision path
P043,A,usability_understandability,6.857142857142857,7,Rule-based decision path
P043,B,perceived_effectiveness,5.571428571428571,7,Local feature-attribution / key-factor explanation
P043,B,satisfaction,4.428571428571429,7,Local feature-attribution / key-factor explanation
P043,B,trust,4.285714285714286,7,Local feature-attribution / key-factor explanation
P043,B,usability_understandability,4.428571428571429,7,Local feature-attribution / key-factor explanation
P043,C,perceived_effectiveness,5.5,8,Counterfactual explanation
P043,C,satisfaction,3.5,8,Counterfactual explanation
P043,C,trust,3.375,8,Counterfactual explanation
P043,C,usability_understandability,4.375,8,Counterfactual explanation
P043,D,perceived_effectiveness,4.5,8,LLM natural-language explanation
P043,D,satisfaction,2.875,8,LLM natural-language explanation
P043,D,trust,3.25,8,LLM natural-language explanation
P043,D,usability_understandability,3.5,8,LLM natural-language explanation
P043,E,perceived_effectiveness,6.625,8,Doctor-written-style explanation
P043,E,satisfaction,6.125,8,Doctor-written-style explanation
P043,E,trust,6.625,8,Doctor-written-style explanation
P043,E,usability_understandability,6.25,8,Doctor-written-style explanation
P045,A,perceived_effectiveness,5.428571428571429,7,Rule-based decision path
P045,A,satisfaction,5.857142857142857,7,Rule-based decision path
P045,A,trust,6.0,7,Rule-based decision path
P045,A,usability_understandability,6.0,7,Rule-based decision path
P045,B,perceived_effectiveness,5.5,10,Local feature-attribution / key-factor explanation
P045,B,satisfaction,5.4,10,Local feature-attribution / key-factor explanation
P045,B,trust,5.7,10,Local feature-attribution / key-factor explanation
P045,B,usability_understandability,5.8,10,Local feature-attribution / key-factor explanation
P045,C,perceived_effectiveness,5.833333333333333,6,Counterfactual explanation
P045,C,satisfaction,6.0,6,Counterfactual explanation
P045,C,trust,6.333333333333333,6,Counterfactual explanation
P045,C,usability_understandability,6.333333333333333,6,Counterfactual explanation
P045,D,perceived_effectiveness,5.571428571428571,7,LLM natural-language explanation
P045,D,satisfaction,6.0,7,LLM natural-language explanation
P045,D,trust,6.142857142857143,7,LLM natural-language explanation
P045,D,usability_understandability,5.857142857142857,7,LLM natural-language explanation
P045,E,perceived_effectiveness,6.0,7,Doctor-written-style explanation
P045,E,satisfaction,6.285714285714286,7,Doctor-written-style explanation
P045,E,trust,6.285714285714286,7,Doctor-written-style explanation
P045,E,usability_understandability,5.714285714285714,7,Doctor-written-style explanation
P046,A,perceived_effectiveness,6.75,8,Rule-based decision path
P046,A,satisfaction,6.25,8,Rule-based decision path
P046,A,trust,6.875,8,Rule-based decision path
P046,A,usability_understandability,6.25,8,Rule-based decision path
P046,B,perceived_effectiveness,4.714285714285714,7,Local feature-attribution / key-factor explanation
P046,B,satisfaction,3.857142857142857,7,Local feature-attribution / key-factor explanation
P046,B,trust,4.428571428571429,7,Local feature-attribution / key-factor explanation
P046,B,usability_understandability,4.285714285714286,7,Local feature-attribution / key-factor explanation
P046,C,perceived_effectiveness,3.5714285714285716,7,Counterfactual explanation
P046,C,satisfaction,3.142857142857143,7,Counterfactual explanation
P046,C,trust,3.2857142857142856,7,Counterfactual explanation
P046,C,usability_understandability,3.2857142857142856,7,Counterfactual explanation
P046,D,perceived_effectiveness,1.5,8,LLM natural-language explanation
P046,D,satisfaction,1.5,8,LLM natural-language explanation
P046,D,trust,1.5,8,LLM natural-language explanation
P046,D,usability_understandability,1.625,8,LLM natural-language explanation
P046,E,perceived_effectiveness,5.777777777777778,9,Doctor-written-style explanation
P046,E,satisfaction,5.555555555555555,9,Doctor-written-style explanation
P046,E,trust,5.666666666666667,9,Doctor-written-style explanation
P046,E,usability_understandability,5.555555555555555,9,Doctor-written-style explanation
P047,A,perceived_effectiveness,6.8,10,Rule-based decision path
P047,A,satisfaction,6.6,10,Rule-based decision path
P047,A,trust,6.6,10,Rule-based decision path
P047,A,usability_understandability,6.9,10,Rule-based decision path
P047,B,perceived_effectiveness,5.285714285714286,7,Local feature-attribution / key-factor explanation
P047,B,satisfaction,5.142857142857143,7,Local feature-attribution / key-factor explanation
P047,B,trust,5.571428571428571,7,Local feature-attribution / key-factor explanation
P047,B,usability_understandability,4.857142857142857,7,Local feature-attribution / key-factor explanation
P047,C,perceived_effectiveness,3.0,6,Counterfactual explanation
P047,C,satisfaction,3.1666666666666665,6,Counterfactual explanation
P047,C,trust,3.3333333333333335,6,Counterfactual explanation
P047,C,usability_understandability,3.3333333333333335,6,Counterfactual explanation
P047,D,perceived_effectiveness,2.2222222222222223,9,LLM natural-language explanation
P047,D,satisfaction,2.111111111111111,9,LLM natural-language explanation
P047,D,trust,2.6666666666666665,9,LLM natural-language explanation
P047,D,usability_understandability,3.2222222222222223,9,LLM natural-language explanation
P047,E,perceived_effectiveness,4.625,8,Doctor-written-style explanation
P047,E,satisfaction,4.125,8,Doctor-written-style explanation
P047,E,trust,4.25,8,Doctor-written-style explanation
P047,E,usability_understandability,4.0,8,Doctor-written-style explanation
P048,A,perceived_effectiveness,6.8,10,Rule-based decision path
P048,A,satisfaction,6.6,10,Rule-based decision path
P048,A,trust,6.4,10,Rule-based decision path
P048,A,usability_understandability,6.4,10,Rule-based decision path
P048,B,perceived_effectiveness,4.8,5,Local feature-attribution / key-factor explanation
P048,B,satisfaction,3.8,5,Local feature-attribution / key-factor explanation
P048,B,trust,5.0,5,Local feature-attribution / key-factor explanation
P048,B,usability_understandability,4.8,5,Local feature-attribution / key-factor explanation
P048,C,perceived_effectiveness,3.8333333333333335,6,Counterfactual explanation
P048,C,satisfaction,3.3333333333333335,6,Counterfactual explanation
P048,C,trust,3.1666666666666665,6,Counterfactual explanation
P048,C,usability_understandability,3.1666666666666665,6,Counterfactual explanation
P048,D,perceived_effectiveness,1.3,10,LLM natural-language explanation
P048,D,satisfaction,1.4,10,LLM natural-language explanation
P048,D,trust,1.9,10,LLM natural-language explanation
P048,D,usability_understandability,1.3,10,LLM natural-language explanation
P048,E,perceived_effectiveness,5.555555555555555,9,Doctor-written-style explanation
P048,E,satisfaction,5.111111111111111,9,Doctor-written-style explanation
P048,E,trust,5.888888888888889,9,Doctor-written-style explanation
P048,E,usability_understandability,5.111111111111111,9,Doctor-written-style explanation
P049,A,perceived_effectiveness,6.7,10,Rule-based decision path
P049,A,satisfaction,6.6,10,Rule-based decision path
P049,A,trust,6.5,10,Rule-based decision path
P049,A,usability_understandability,6.8,10,Rule-based decision path
P049,B,perceived_effectiveness,5.714285714285714,7,Local feature-attribution / key-factor explanation
P049,B,satisfaction,4.571428571428571,7,Local feature-attribution / key-factor explanation
P049,B,trust,4.571428571428571,7,Local feature-attribution / key-factor explanation
P049,B,usability_understandability,5.428571428571429,7,Local feature-attribution / key-factor explanation
P049,C,perceived_effectiveness,4.0,5,Counterfactual explanation
P049,C,satisfaction,3.6,5,Counterfactual explanation
P049,C,trust,3.8,5,Counterfactual explanation
P049,C,usability_understandability,3.8,5,Counterfactual explanation
P049,D,perceived_effectiveness,3.125,8,LLM natural-language explanation
P049,D,satisfaction,3.25,8,LLM natural-language explanation
P049,D,trust,3.625,8,LLM natural-language explanation
P049,D,usability_understandability,3.25,8,LLM natural-language explanation
P049,E,perceived_effectiveness,5.375,8,Doctor-written-style explanation
P049,E,satisfaction,4.75,8,Doctor-written-style explanation
P049,E,trust,5.0,8,Doctor-written-style explanation
P049,E,usability_understandability,5.75,8,Doctor-written-style explanation
P050,A,perceived_effectiveness,6.3,10,Rule-based decision path
P050,A,satisfaction,6.4,10,Rule-based decision path
P050,A,trust,6.5,10,Rule-based decision path
P050,A,usability_understandability,6.2,10,Rule-based decision path
P050,B,perceived_effectiveness,5.142857142857143,7,Local feature-attribution / key-factor explanation
P050,B,satisfaction,4.714285714285714,7,Local feature-attribution / key-factor explanation
P050,B,trust,4.142857142857143,7,Local feature-attribution / key-factor explanation
P050,B,usability_understandability,4.428571428571429,7,Local feature-attribution / key-factor explanation
P050,C,perceived_effectiveness,4.833333333333333,6,Counterfactual explanation
P050,C,satisfaction,3.3333333333333335,6,Counterfactual explanation
P050,C,trust,3.5,6,Counterfactual explanation
P050,C,usability_understandability,4.333333333333333,6,Counterfactual explanation
P050,D,perceived_effectiveness,2.7777777777777777,9,LLM natural-language explanation
P050,D,satisfaction,2.5555555555555554,9,LLM natural-language explanation
P050,D,trust,2.7777777777777777,9,LLM natural-language explanation
P050,D,usability_understandability,2.5555555555555554,9,LLM natural-language explanation
P050,E,perceived_effectiveness,6.375,8,Doctor-written-style explanation
P050,E,satisfaction,6.125,8,Doctor-written-style explanation
P050,E,trust,6.0,8,Doctor-written-style explanation
P050,E,usability_understandability,5.125,8,Doctor-written-style explanation
P051,A,perceived_effectiveness,6.5,8,Rule-based decision path
P051,A,satisfaction,6.375,8,Rule-based decision path
P051,A,trust,6.375,8,Rule-based decision path
P051,A,usability_understandability,6.75,8,Rule-based decision path
P051,B,perceived_effectiveness,4.875,8,Local feature-attribution / key-factor explanation
P051,B,satisfaction,4.875,8,Local feature-attribution / key-factor explanation
P051,B,trust,5.375,8,Local feature-attribution / key-factor explanation
P051,B,usability_understandability,4.75,8,Local feature-attribution / key-factor explanation
P051,C,perceived_effectiveness,3.375,8,Counterfactual explanation
P051,C,satisfaction,4.375,8,Counterfactual explanation
P051,C,trust,4.0,8,Counterfactual explanation
P051,C,usability_understandability,3.625,8,Counterfactual explanation
P051,D,perceived_effectiveness,3.0,8,LLM natural-language explanation
P051,D,satisfaction,2.375,8,LLM natural-language explanation
P051,D,trust,2.0,8,LLM natural-language explanation
P051,D,usability_understandability,3.125,8,LLM natural-language explanation
P051,E,perceived_effectiveness,6.125,8,Doctor-written-style explanation
P051,E,satisfaction,6.375,8,Doctor-written-style explanation
P051,E,trust,6.625,8,Doctor-written-style explanation
P051,E,usability_understandability,6.125,8,Doctor-written-style explanation
P052,A,perceived_effectiveness,6.625,8,Rule-based decision path
P052,A,satisfaction,6.75,8,Rule-based decision path
P052,A,trust,7.0,8,Rule-based decision path
P052,A,usability_understandability,6.75,8,Rule-based decision path
P052,B,perceived_effectiveness,6.0,8,Local feature-attribution / key-factor explanation
P052,B,satisfaction,3.75,8,Local feature-attribution / key-factor explanation
P052,B,trust,3.5,8,Local feature-attribution / key-factor explanation
P052,B,usability_understandability,4.875,8,Local feature-attribution / key-factor explanation
P052,C,perceived_effectiveness,5.625,8,Counterfactual explanation
P052,C,satisfaction,3.5,8,Counterfactual explanation
P052,C,trust,3.875,8,Counterfactual explanation
P052,C,usability_understandability,4.25,8,Counterfactual explanation
P052,D,perceived_effectiveness,4.125,8,LLM natural-language explanation
P052,D,satisfaction,2.75,8,LLM natural-language explanation
P052,D,trust,2.875,8,LLM natural-language explanation
P052,D,usability_understandability,2.625,8,LLM natural-language explanation
P052,E,perceived_effectiveness,6.75,8,Doctor-written-style explanation
P052,E,satisfaction,6.5,8,Doctor-written-style explanation
P052,E,trust,6.375,8,Doctor-written-style explanation
P052,E,usability_understandability,6.625,8,Doctor-written-style explanation
P053,A,perceived_effectiveness,6.75,8,Rule-based decision path
P053,A,satisfaction,6.75,8,Rule-based decision path
P053,A,trust,6.875,8,Rule-based decision path
P053,A,usability_understandability,6.375,8,Rule-based decision path
P053,B,perceived_effectiveness,6.0,8,Local feature-attribution / key-factor explanation
P053,B,satisfaction,4.125,8,Local feature-attribution / key-factor explanation
P053,B,trust,4.0,8,Local feature-attribution / key-factor explanation
P053,B,usability_understandability,5.125,8,Local feature-attribution / key-factor explanation
P053,C,perceived_effectiveness,5.625,8,Counterfactual explanation
P053,C,satisfaction,3.875,8,Counterfactual explanation
P053,C,trust,3.75,8,Counterfactual explanation
P053,C,usability_understandability,4.75,8,Counterfactual explanation
P053,D,perceived_effectiveness,3.875,8,LLM natural-language explanation
P053,D,satisfaction,2.875,8,LLM natural-language explanation
P053,D,trust,2.5,8,LLM natural-language explanation
P053,D,usability_understandability,2.75,8,LLM natural-language explanation
P053,E,perceived_effectiveness,6.5,8,Doctor-written-style explanation
P053,E,satisfaction,6.375,8,Doctor-written-style explanation
P053,E,trust,6.375,8,Doctor-written-style explanation
P053,E,usability_understandability,6.25,8,Doctor-written-style explanation
P054,A,perceived_effectiveness,6.625,8,Rule-based decision path
P054,A,satisfaction,6.875,8,Rule-based decision path
P054,A,trust,6.75,8,Rule-based decision path
P054,A,usability_understandability,6.625,8,Rule-based decision path
P054,B,perceived_effectiveness,5.875,8,Local feature-attribution / key-factor explanation
P054,B,satisfaction,4.375,8,Local feature-attribution / key-factor explanation
P054,B,trust,4.0,8,Local feature-attribution / key-factor explanation
P054,B,usability_understandability,5.25,8,Local feature-attribution / key-factor explanation
P054,C,perceived_effectiveness,5.75,8,Counterfactual explanation
P054,C,satisfaction,4.125,8,Counterfactual explanation
P054,C,trust,4.5,8,Counterfactual explanation
P054,C,usability_understandability,4.5,8,Counterfactual explanation
P054,D,perceived_effectiveness,4.625,8,LLM natural-language explanation
P054,D,satisfaction,2.75,8,LLM natural-language explanation
P054,D,trust,3.0,8,LLM natural-language explanation
P054,D,usability_understandability,2.75,8,LLM natural-language explanation
P054,E,perceived_effectiveness,6.625,8,Doctor-written-style explanation
P054,E,satisfaction,6.375,8,Doctor-written-style explanation
P054,E,trust,6.625,8,Doctor-written-style explanation
P054,E,usability_understandability,6.0,8,Doctor-written-style explanation
P055,A,perceived_effectiveness,4.375,8,Rule-based decision path
P055,A,satisfaction,4.25,8,Rule-based decision path
P055,A,trust,4.25,8,Rule-based decision path
P055,A,usability_understandability,4.5,8,Rule-based decision path
P055,B,perceived_effectiveness,2.625,8,Local feature-attribution / key-factor explanation
P055,B,satisfaction,2.5,8,Local feature-attribution / key-factor explanation
P055,B,trust,3.125,8,Local feature-attribution / key-factor explanation
P055,B,usability_understandability,2.5,8,Local feature-attribution / key-factor explanation
P055,C,perceived_effectiveness,2.75,8,Counterfactual explanation
P055,C,satisfaction,3.125,8,Counterfactual explanation
P055,C,trust,3.5,8,Counterfactual explanation
P055,C,usability_understandability,2.875,8,Counterfactual explanation
P055,D,perceived_effectiveness,4.5,8,LLM natural-language explanation
P055,D,satisfaction,4.5,8,LLM natural-language explanation
P055,D,trust,4.5,8,LLM natural-language explanation
P055,D,usability_understandability,4.375,8,LLM natural-language explanation
P055,E,perceived_effectiveness,4.5,8,Doctor-written-style explanation
P055,E,satisfaction,4.5,8,Doctor-written-style explanation
P055,E,trust,4.5,8,Doctor-written-style explanation
P055,E,usability_understandability,4.5,8,Doctor-written-style explanation
P056,A,perceived_effectiveness,6.625,8,Rule-based decision path
P056,A,satisfaction,6.375,8,Rule-based decision path
P056,A,trust,6.625,8,Rule-based decision path
P056,A,usability_understandability,6.875,8,Rule-based decision path
P056,B,perceived_effectiveness,6.5,8,Local feature-attribution / key-factor explanation
P056,B,satisfaction,6.25,8,Local feature-attribution / key-factor explanation
P056,B,trust,6.375,8,Local feature-attribution / key-factor explanation
P056,B,usability_understandability,6.375,8,Local feature-attribution / key-factor explanation
P056,C,perceived_effectiveness,6.375,8,Counterfactual explanation
P056,C,satisfaction,6.25,8,Counterfactual explanation
P056,C,trust,6.75,8,Counterfactual explanation
P056,C,usability_understandability,6.5,8,Counterfactual explanation
P056,D,perceived_effectiveness,6.625,8,LLM natural-language explanation
P056,D,satisfaction,6.875,8,LLM natural-language explanation
P056,D,trust,6.5,8,LLM natural-language explanation
P056,D,usability_understandability,7.0,8,LLM natural-language explanation
P056,E,perceived_effectiveness,7.0,8,Doctor-written-style explanation
P056,E,satisfaction,6.75,8,Doctor-written-style explanation
P056,E,trust,6.75,8,Doctor-written-style explanation
P056,E,usability_understandability,6.875,8,Doctor-written-style explanation
P057,A,perceived_effectiveness,4.555555555555555,9,Rule-based decision path
P057,A,satisfaction,4.222222222222222,9,Rule-based decision path
P057,A,trust,4.444444444444445,9,Rule-based decision path
P057,A,usability_understandability,4.666666666666667,9,Rule-based decision path
P057,B,perceived_effectiveness,4.125,8,Local feature-attribution / key-factor explanation
P057,B,satisfaction,4.0,8,Local feature-attribution / key-factor explanation
P057,B,trust,4.0,8,Local feature-attribution / key-factor explanation
P057,B,usability_understandability,4.25,8,Local feature-attribution / key-factor explanation
P057,C,perceived_effectiveness,5.142857142857143,7,Counterfactual explanation
P057,C,satisfaction,4.857142857142857,7,Counterfactual explanation
P057,C,trust,4.857142857142857,7,Counterfactual explanation
P057,C,usability_understandability,4.857142857142857,7,Counterfactual explanation
P057,D,perceived_effectiveness,5.0,8,LLM natural-language explanation
P057,D,satisfaction,4.625,8,LLM natural-language explanation
P057,D,trust,5.125,8,LLM natural-language explanation
P057,D,usability_understandability,5.125,8,LLM natural-language explanation
P057,E,perceived_effectiveness,5.0,6,Doctor-written-style explanation
P057,E,satisfaction,4.833333333333333,6,Doctor-written-style explanation
P057,E,trust,5.333333333333333,6,Doctor-written-style explanation
P057,E,usability_understandability,4.833333333333333,6,Doctor-written-style explanation
P058,A,perceived_effectiveness,4.777777777777778,9,Rule-based decision path
P058,A,satisfaction,4.555555555555555,9,Rule-based decision path
P058,A,trust,5.111111111111111,9,Rule-based decision path
P058,A,usability_understandability,7.0,9,Rule-based decision path
P058,B,perceived_effectiveness,3.8333333333333335,6,Local feature-attribution / key-factor explanation
P058,B,satisfaction,3.6666666666666665,6,Local feature-attribution / key-factor explanation
P058,B,trust,4.833333333333333,6,Local feature-attribution / key-factor explanation
P058,B,usability_understandability,7.0,6,Local feature-attribution / key-factor explanation
P058,C,perceived_effectiveness,5.111111111111111,9,Counterfactual explanation
P058,C,satisfaction,5.333333333333333,9,Counterfactual explanation
P058,C,trust,5.333333333333333,9,Counterfactual explanation
P058,C,usability_understandability,7.0,9,Counterfactual explanation
P058,D,perceived_effectiveness,5.777777777777778,9,LLM natural-language explanation
P058,D,satisfaction,5.555555555555555,9,LLM natural-language explanation
P058,D,trust,5.444444444444445,9,LLM natural-language explanation
P058,D,usability_understandability,6.555555555555555,9,LLM natural-language explanation
P058,E,perceived_effectiveness,5.142857142857143,7,Doctor-written-style explanation
P058,E,satisfaction,5.714285714285714,7,Doctor-written-style explanation
P058,E,trust,5.428571428571429,7,Doctor-written-style explanation
P058,E,usability_understandability,7.0,7,Doctor-written-style explanation
P059,A,perceived_effectiveness,5.375,8,Rule-based decision path
P059,A,satisfaction,5.0,8,Rule-based decision path
P059,A,trust,5.875,8,Rule-based decision path
P059,A,usability_understandability,6.0,8,Rule-based decision path
P059,B,perceived_effectiveness,4.5,8,Local feature-attribution / key-factor explanation
P059,B,satisfaction,3.75,8,Local feature-attribution / key-factor explanation
P059,B,trust,3.875,8,Local feature-attribution / key-factor explanation
P059,B,usability_understandability,4.0,8,Local feature-attribution / key-factor explanation
P059,C,perceived_effectiveness,4.875,8,Counterfactual explanation
P059,C,satisfaction,5.0,8,Counterfactual explanation
P059,C,trust,5.5,8,Counterfactual explanation
P059,C,usability_understandability,4.625,8,Counterfactual explanation
P059,D,perceived_effectiveness,6.125,8,LLM natural-language explanation
P059,D,satisfaction,6.125,8,LLM natural-language explanation
P059,D,trust,5.875,8,LLM natural-language explanation
P059,D,usability_understandability,5.875,8,LLM natural-language explanation
P059,E,perceived_effectiveness,5.25,8,Doctor-written-style explanation
P059,E,satisfaction,4.75,8,Doctor-written-style explanation
P059,E,trust,5.875,8,Doctor-written-style explanation
P059,E,usability_understandability,5.5,8,Doctor-written-style explanation
P060,A,perceived_effectiveness,5.428571428571429,7,Rule-based decision path
P060,A,satisfaction,5.428571428571429,7,Rule-based decision path
P060,A,trust,5.0,7,Rule-based decision path
P060,A,usability_understandability,5.571428571428571,7,Rule-based decision path
P060,B,perceived_effectiveness,4.6,10,Local feature-attribution / key-factor explanation
P060,B,satisfaction,4.3,10,Local feature-attribution / key-factor explanation
P060,B,trust,4.4,10,Local feature-attribution / key-factor explanation
P060,B,usability_understandability,5.1,10,Local feature-attribution / key-factor explanation
P060,C,perceived_effectiveness,5.666666666666667,6,Counterfactual explanation
P060,C,satisfaction,6.0,6,Counterfactual explanation
P060,C,trust,6.0,6,Counterfactual explanation
P060,C,usability_understandability,5.833333333333333,6,Counterfactual explanation
P060,D,perceived_effectiveness,5.142857142857143,7,LLM natural-language explanation
P060,D,satisfaction,5.714285714285714,7,LLM natural-language explanation
P060,D,trust,5.857142857142857,7,LLM natural-language explanation
P060,D,usability_understandability,5.428571428571429,7,LLM natural-language explanation
P060,E,perceived_effectiveness,5.888888888888889,9,Doctor-written-style explanation
P060,E,satisfaction,5.777777777777778,9,Doctor-written-style explanation
P060,E,trust,5.666666666666667,9,Doctor-written-style explanation
P060,E,usability_understandability,5.777777777777778,9,Doctor-written-style explanation
P061,A,perceived_effectiveness,3.625,8,Rule-based decision path
P061,A,satisfaction,3.625,8,Rule-based decision path
P061,A,trust,3.5,8,Rule-based decision path
P061,A,usability_understandability,3.875,8,Rule-based decision path
P061,B,perceived_effectiveness,3.125,8,Local feature-attribution / key-factor explanation
P061,B,satisfaction,2.0,8,Local feature-attribution / key-factor explanation
P061,B,trust,2.125,8,Local feature-attribution / key-factor explanation
P061,B,usability_understandability,2.0,8,Local feature-attribution / key-factor explanation
P061,C,perceived_effectiveness,3.5,8,Counterfactual explanation
P061,C,satisfaction,3.75,8,Counterfactual explanation
P061,C,trust,3.625,8,Counterfactual explanation
P061,C,usability_understandability,3.875,8,Counterfactual explanation
P061,D,perceived_effectiveness,4.125,8,LLM natural-language explanation
P061,D,satisfaction,4.125,8,LLM natural-language explanation
P061,D,trust,3.875,8,LLM natural-language explanation
P061,D,usability_understandability,4.25,8,LLM natural-language explanation
P061,E,perceived_effectiveness,4.375,8,Doctor-written-style explanation
P061,E,satisfaction,4.25,8,Doctor-written-style explanation
P061,E,trust,4.125,8,Doctor-written-style explanation
P061,E,usability_understandability,4.25,8,Doctor-written-style explanation
P062,A,perceived_effectiveness,3.125,8,Rule-based decision path
P062,A,satisfaction,3.0,8,Rule-based decision path
P062,A,trust,3.375,8,Rule-based decision path
P062,A,usability_understandability,3.625,8,Rule-based decision path
P062,B,perceived_effectiveness,3.5,8,Local feature-attribution / key-factor explanation
P062,B,satisfaction,3.375,8,Local feature-attribution / key-factor explanation
P062,B,trust,3.5,8,Local feature-attribution / key-factor explanation
P062,B,usability_understandability,4.5,8,Local feature-attribution / key-factor explanation
P062,C,perceived_effectiveness,4.5,8,Counterfactual explanation
P062,C,satisfaction,4.25,8,Counterfactual explanation
P062,C,trust,4.125,8,Counterfactual explanation
P062,C,usability_understandability,4.625,8,Counterfactual explanation
P062,D,perceived_effectiveness,4.125,8,LLM natural-language explanation
P062,D,satisfaction,4.125,8,LLM natural-language explanation
P062,D,trust,4.0,8,LLM natural-language explanation
P062,D,usability_understandability,4.5,8,LLM natural-language explanation
P062,E,perceived_effectiveness,5.375,8,Doctor-written-style explanation
P062,E,satisfaction,4.875,8,Doctor-written-style explanation
P062,E,trust,5.125,8,Doctor-written-style explanation
P062,E,usability_understandability,4.75,8,Doctor-written-style explanation
P063,A,perceived_effectiveness,3.625,8,Rule-based decision path
P063,A,satisfaction,3.875,8,Rule-based decision path
P063,A,trust,4.0,8,Rule-based decision path
P063,A,usability_understandability,3.875,8,Rule-based decision path
P063,B,perceived_effectiveness,2.5,8,Local feature-attribution / key-factor explanation
P063,B,satisfaction,3.0,8,Local feature-attribution / key-factor explanation
P063,B,trust,3.25,8,Local feature-attribution / key-factor explanation
P063,B,usability_understandability,3.125,8,Local feature-attribution / key-factor explanation
P063,C,perceived_effectiveness,4.285714285714286,7,Counterfactual explanation
P063,C,satisfaction,4.571428571428571,7,Counterfactual explanation
P063,C,trust,4.714285714285714,7,Counterfactual explanation
P063,C,usability_understandability,4.571428571428571,7,Counterfactual explanation
P063,D,perceived_effectiveness,4.555555555555555,9,LLM natural-language explanation
P063,D,satisfaction,4.555555555555555,9,LLM natural-language explanation
P063,D,trust,4.555555555555555,9,LLM natural-language explanation
P063,D,usability_understandability,4.555555555555555,9,LLM natural-language explanation
P063,E,perceived_effectiveness,4.5,8,Doctor-written-style explanation
P063,E,satisfaction,4.5,8,Doctor-written-style explanation
P063,E,trust,4.5,8,Doctor-written-style explanation
P063,E,usability_understandability,4.5,8,Doctor-written-style explanation
